{
  "accuracy": 0.941812136325852,
  "recall_fraud": 0.9580764488286067,
  "recall_legit": 0.9081632653061225
}